<?xml version="1.0"?>
<ROWSET>
 <ROW>
  <USERID>ca1011</USERID>
  <FIRSTNAME>santhosh</FIRSTNAME>
  <LASTNAME>bijinemula</LASTNAME>
  <DATEOFBIRTH>1995-10-26T00:00:00.000</DATEOFBIRTH>
  <GENDER>Male</GENDER>
  <STREET>IndiraNagar</STREET>
  <LOCATION>Gachibowli</LOCATION>
  <CITY>Hyderabbad</CITY>
  <STATE>Ap</STATE>
  <PINCODE>524003</PINCODE>
  <MOBILENO>8186824026</MOBILENO>
  <EMAILID>santhoshbijinemula@gmail.com</EMAILID>
 </ROW>
 <ROW>
  <USERID>ja1005</USERID>
  <FIRSTNAME>MOULI</FIRSTNAME>
  <LASTNAME>CHAITANYA</LASTNAME>
  <DATEOFBIRTH>1993-02-23T00:00:00.000</DATEOFBIRTH>
  <GENDER>male</GENDER>
  <STREET>INDIRA NAGAR</STREET>
  <LOCATION>VIJAYAWADA</LOCATION>
  <CITY>VIJAYAWADA</CITY>
  <STATE>ANDHRA PRADESH</STATE>
  <PINCODE>52012</PINCODE>
  <MOBILENO>9935324127</MOBILENO>
  <EMAILID>chaitanyamouli@gmail.com</EMAILID>
 </ROW>
 <ROW>
  <USERID>he1009</USERID>
  <FIRSTNAME>Joey</FIRSTNAME>
  <LASTNAME>Tribianne</LASTNAME>
  <DATEOFBIRTH>1980-07-28T00:00:00.000</DATEOFBIRTH>
  <GENDER>Male</GENDER>
  <STREET>Central Perk</STREET>
  <LOCATION>Central Perk</LOCATION>
  <CITY>Washington</CITY>
  <STATE>Washington</STATE>
  <PINCODE>2535139</PINCODE>
  <MOBILENO>9871239879</MOBILENO>
  <EMAILID>joeyhowudoing@gmail.com</EMAILID>
 </ROW>
 <ROW>
  <USERID>su1010</USERID>
  <FIRSTNAME>Janice </FIRSTNAME>
  <LASTNAME>Chandler</LASTNAME>
  <DATEOFBIRTH>1985-03-12T00:00:00.000</DATEOFBIRTH>
  <GENDER>Female</GENDER>
  <STREET>Ohmygod</STREET>
  <LOCATION>Ohmygod</LOCATION>
  <CITY>Hell</CITY>
  <STATE>Washington</STATE>
  <PINCODE>325151</PINCODE>
  <MOBILENO>1431431431</MOBILENO>
  <EMAILID>ohmygaad@gmail.com</EMAILID>
 </ROW>
 <ROW>
  <USERID>mo1006</USERID>
  <FIRSTNAME>Monica</FIRSTNAME>
  <LASTNAME>Geller</LASTNAME>
  <DATEOFBIRTH>1988-09-21T00:00:00.000</DATEOFBIRTH>
  <GENDER>Female</GENDER>
  <STREET>Central Perk</STREET>
  <LOCATION>Washington</LOCATION>
  <CITY>Washington</CITY>
  <STATE>USA</STATE>
  <PINCODE>32235</PINCODE>
  <MOBILENO>3012231239</MOBILENO>
  <EMAILID>monicachandler@gmail.com</EMAILID>
 </ROW>
 <ROW>
  <USERID>al1004</USERID>
  <FIRSTNAME>SANTHOSH KUMAR</FIRSTNAME>
  <LASTNAME>BIJINEMULA</LASTNAME>
  <DATEOFBIRTH>1995-10-26T00:00:00.000</DATEOFBIRTH>
  <GENDER>male</GENDER>
  <STREET>INDIRA NAGAR</STREET>
  <LOCATION>GACHIBOWLI</LOCATION>
  <CITY>HYDERABAD</CITY>
  <STATE>TELANGANA</STATE>
  <PINCODE>524003</PINCODE>
  <MOBILENO>8186824026</MOBILENO>
  <EMAILID>santhoshbijinemula@gmail.com</EMAILID>
 </ROW>
 <ROW>
  <USERID>jo1003</USERID>
  <FIRSTNAME>rachel</FIRSTNAME>
  <LASTNAME>geller</LASTNAME>
  <DATEOFBIRTH>1989-09-23T00:00:00.000</DATEOFBIRTH>
  <GENDER>Female</GENDER>
  <STREET>Central Perk</STREET>
  <LOCATION>Washington</LOCATION>
  <CITY>USA</CITY>
  <STATE>USA</STATE>
  <PINCODE>32425</PINCODE>
  <MOBILENO>3123345234</MOBILENO>
  <EMAILID>rachelgeller@gmail.com</EMAILID>
 </ROW>
 <ROW>
  <USERID>ro1007</USERID>
  <FIRSTNAME>phoebe</FIRSTNAME>
  <LASTNAME>buffay</LASTNAME>
  <DATEOFBIRTH>1987-03-12T00:00:00.000</DATEOFBIRTH>
  <GENDER>Femal</GENDER>
  <STREET>Central Perk</STREET>
  <LOCATION>USA</LOCATION>
  <CITY>Washington</CITY>
  <STATE>USA</STATE>
  <PINCODE>32235</PINCODE>
  <MOBILENO>1234567890</MOBILENO>
  <EMAILID>phoebebuffay@gmail.com</EMAILID>
 </ROW>
 <ROW>
  <USERID>to1007</USERID>
  <FIRSTNAME>carol</FIRSTNAME>
  <LASTNAME>susan</LASTNAME>
  <DATEOFBIRTH>1983-02-12T00:00:00.000</DATEOFBIRTH>
  <GENDER>Female</GENDER>
  <STREET>Central Perk</STREET>
  <LOCATION>Central Perk</LOCATION>
  <CITY>Washington</CITY>
  <STATE>USA</STATE>
  <PINCODE>32235</PINCODE>
  <MOBILENO>1413242348</MOBILENO>
  <EMAILID>susancarol@gmail.com</EMAILID>
 </ROW>
 <ROW>
  <USERID>op1006</USERID>
  <FIRSTNAME>ross</FIRSTNAME>
  <LASTNAME>geller</LASTNAME>
  <DATEOFBIRTH>1980-05-23T00:00:00.000</DATEOFBIRTH>
  <GENDER>M</GENDER>
  <STREET>asgbrs</STREET>
  <LOCATION>ddnr</LOCATION>
  <CITY>nrtfdndf</CITY>
  <STATE>dhdbbd</STATE>
  <PINCODE>124432</PINCODE>
  <MOBILENO>3456241231</MOBILENO>
  <EMAILID>rossgeller@gmail.com</EMAILID>
 </ROW>
 <ROW>
  <USERID>pa1003</USERID>
  <FIRSTNAME>PAONE</FIRSTNAME>
  <LASTNAME>susan</LASTNAME>
  <DATEOFBIRTH>1983-02-12T00:00:00.000</DATEOFBIRTH>
  <GENDER>Female</GENDER>
  <STREET>Central Perk</STREET>
  <LOCATION>Central Perk</LOCATION>
  <CITY>Washington</CITY>
  <STATE>USA</STATE>
  <PINCODE>32235</PINCODE>
  <MOBILENO>1413242348</MOBILENO>
  <EMAILID>susancarol@gmail.com</EMAILID>
 </ROW>
 <ROW>
  <USERID>ra1002</USERID>
  <FIRSTNAME>raone</FIRSTNAME>
  <LASTNAME>susan</LASTNAME>
  <DATEOFBIRTH>1983-02-12T00:00:00.000</DATEOFBIRTH>
  <GENDER>Female</GENDER>
  <STREET>Central Perk</STREET>
  <LOCATION>Central Perk</LOCATION>
  <CITY>Washington</CITY>
  <STATE>USA</STATE>
  <PINCODE>32235</PINCODE>
  <MOBILENO>1413242348</MOBILENO>
  <EMAILID>susancarol@gmail.com</EMAILID>
 </ROW>
 <ROW>
  <USERID>ph1008</USERID>
  <FIRSTNAME>carol2</FIRSTNAME>
  <LASTNAME>susan</LASTNAME>
  <DATEOFBIRTH>1983-02-12T00:00:00.000</DATEOFBIRTH>
  <GENDER>Female</GENDER>
  <STREET>Central Perk</STREET>
  <LOCATION>Central Perk</LOCATION>
  <CITY>Washington</CITY>
  <STATE>USA</STATE>
  <PINCODE>32235</PINCODE>
  <MOBILENO>1413242348</MOBILENO>
  <EMAILID>susancarol@gmail.com</EMAILID>
 </ROW>
</ROWSET>
