<?xml version="1.0"?>
<ROWSET>
 <ROW>
  <USERID>jo1003</USERID>
  <USERNAME>joey</USERNAME>
  <PASSWORD>joey</PASSWORD>
  <USERTYPE>P</USERTYPE>
  <LOGINSTATUS>0</LOGINSTATUS>
 </ROW>
 <ROW>
  <USERID>al1004</USERID>
  <USERNAME>allen</USERNAME>
  <PASSWORD>allen</PASSWORD>
  <USERTYPE>P</USERTYPE>
  <LOGINSTATUS>0</LOGINSTATUS>
 </ROW>
 <ROW>
  <USERID>ja1005</USERID>
  <USERNAME>janice</USERNAME>
  <PASSWORD>janice</PASSWORD>
  <USERTYPE>P</USERTYPE>
  <LOGINSTATUS>0</LOGINSTATUS>
 </ROW>
 <ROW>
  <USERID>mo1006</USERID>
  <USERNAME>mona</USERNAME>
  <PASSWORD>mona</PASSWORD>
  <USERTYPE>P</USERTYPE>
  <LOGINSTATUS>0</LOGINSTATUS>
 </ROW>
 <ROW>
  <USERID>ro1007</USERID>
  <USERNAME>ross</USERNAME>
  <PASSWORD>ross</PASSWORD>
  <USERTYPE>P</USERTYPE>
  <LOGINSTATUS>0</LOGINSTATUS>
 </ROW>
 <ROW>
  <USERID>ph1008</USERID>
  <USERNAME>phoebe</USERNAME>
  <PASSWORD>phoebe</PASSWORD>
  <USERTYPE>P</USERTYPE>
  <LOGINSTATUS>0</LOGINSTATUS>
 </ROW>
 <ROW>
  <USERID>he1009</USERID>
  <USERNAME>heckel</USERNAME>
  <PASSWORD>heckel</PASSWORD>
  <USERTYPE>P</USERTYPE>
  <LOGINSTATUS>0</LOGINSTATUS>
 </ROW>
 <ROW>
  <USERID>su1010</USERID>
  <USERNAME>susan</USERNAME>
  <PASSWORD>susan</PASSWORD>
  <USERTYPE>P</USERTYPE>
  <LOGINSTATUS>0</LOGINSTATUS>
 </ROW>
 <ROW>
  <USERID>mo1001</USERID>
  <USERNAME>monica</USERNAME>
  <PASSWORD>monica</PASSWORD>
  <USERTYPE>A</USERTYPE>
  <LOGINSTATUS>0</LOGINSTATUS>
 </ROW>
 <ROW>
  <USERID>ra1002</USERID>
  <USERNAME>rachel</USERNAME>
  <PASSWORD>rachel</PASSWORD>
  <USERTYPE>P</USERTYPE>
  <LOGINSTATUS>0</LOGINSTATUS>
 </ROW>
 <ROW>
  <USERID>ca1011</USERID>
  <USERNAME>carol</USERNAME>
  <PASSWORD>carol</PASSWORD>
  <USERTYPE>P</USERTYPE>
  <LOGINSTATUS>0</LOGINSTATUS>
 </ROW>
</ROWSET>
