<?xml version="1.0"?>
<ROWSET>
 <ROW>
  <APPOINTMENTID>7281004</APPOINTMENTID>
  <DOCTORID>sh1000</DOCTORID>
  <PATIENTID>1008</PATIENTID>
  <APPOINTMENT_DATE>2017-07-28T00:00:00.000</APPOINTMENT_DATE>
  <STATUS>0</STATUS>
  <SLOTNUMBER>12</SLOTNUMBER>
 </ROW>
 <ROW>
  <APPOINTMENTID>7231002</APPOINTMENTID>
  <DOCTORID>va1006</DOCTORID>
  <PATIENTID>1012</PATIENTID>
  <APPOINTMENT_DATE>2017-07-23T00:00:00.000</APPOINTMENT_DATE>
  <STATUS>0</STATUS>
  <SLOTNUMBER>23</SLOTNUMBER>
 </ROW>
 <ROW>
  <APPOINTMENTID>7121003</APPOINTMENTID>
  <DOCTORID>ch1004</DOCTORID>
  <PATIENTID>1011</PATIENTID>
  <APPOINTMENT_DATE>2017-07-12T00:00:00.000</APPOINTMENT_DATE>
  <STATUS>0</STATUS>
  <SLOTNUMBER>24</SLOTNUMBER>
 </ROW>
 <ROW>
  <APPOINTMENTID>10291001</APPOINTMENTID>
  <DOCTORID>su1001</DOCTORID>
  <PATIENTID>1009</PATIENTID>
  <APPOINTMENT_DATE>2017-10-29T00:00:00.000</APPOINTMENT_DATE>
  <STATUS>0</STATUS>
  <SLOTNUMBER>8</SLOTNUMBER>
 </ROW>
 <ROW>
  <APPOINTMENTID>7171005</APPOINTMENTID>
  <DOCTORID>ra1003</DOCTORID>
  <PATIENTID>1016</PATIENTID>
  <APPOINTMENT_DATE>2017-07-17T00:00:00.000</APPOINTMENT_DATE>
  <STATUS>0</STATUS>
  <SLOTNUMBER>13</SLOTNUMBER>
 </ROW>
</ROWSET>
