<?xml version="1.0"?>
<ROWSET>
 <ROW>
  <LEAVEID>1002</LEAVEID>
  <DOCTORID>ch1004</DOCTORID>
  <LEAVE_FROM>2017-07-23T00:00:00.000</LEAVE_FROM>
  <LEAVE_TO>2017-07-25T00:00:00.000</LEAVE_TO>
  <REASON>bank appointment</REASON>
  <STATUS>0</STATUS>
 </ROW>
 <ROW>
  <LEAVEID>1003</LEAVEID>
  <DOCTORID>su1001</DOCTORID>
  <LEAVE_FROM>2017-10-24T00:00:00.000</LEAVE_FROM>
  <LEAVE_TO>2017-10-30T00:00:00.000</LEAVE_TO>
  <REASON>nirvana</REASON>
  <STATUS>1</STATUS>
 </ROW>
 <ROW>
  <LEAVEID>1000</LEAVEID>
  <DOCTORID>sh1000</DOCTORID>
  <LEAVE_FROM>2017-08-01T00:00:00.000</LEAVE_FROM>
  <LEAVE_TO>2017-08-03T00:00:00.000</LEAVE_TO>
  <REASON>vacation with friend</REASON>
  <STATUS>0</STATUS>
 </ROW>
 <ROW>
  <LEAVEID>1001</LEAVEID>
  <DOCTORID>va1006</DOCTORID>
  <LEAVE_FROM>2017-07-22T00:00:00.000</LEAVE_FROM>
  <LEAVE_TO>2017-07-24T00:00:00.000</LEAVE_TO>
  <REASON>marriage</REASON>
  <STATUS>1</STATUS>
 </ROW>
 <ROW>
  <LEAVEID>1004</LEAVEID>
  <DOCTORID>ra1003</DOCTORID>
  <LEAVE_FROM>2017-07-19T00:00:00.000</LEAVE_FROM>
  <LEAVE_TO>2017-07-21T00:00:00.000</LEAVE_TO>
  <REASON>work break</REASON>
  <STATUS>0</STATUS>
 </ROW>
</ROWSET>
