<?xml version="1.0"?>
<ROWSET>
 <ROW>
  <SLOTNUMBER>1</SLOTNUMBER>
  <DURATION>15</DURATION>
  <STATUS>0</STATUS>
 </ROW>
 <ROW>
  <SLOTNUMBER>2</SLOTNUMBER>
  <DURATION>15</DURATION>
  <STATUS>0</STATUS>
 </ROW>
 <ROW>
  <SLOTNUMBER>3</SLOTNUMBER>
  <DURATION>15</DURATION>
  <STATUS>0</STATUS>
 </ROW>
 <ROW>
  <SLOTNUMBER>4</SLOTNUMBER>
  <DURATION>15</DURATION>
  <STATUS>0</STATUS>
 </ROW>
 <ROW>
  <SLOTNUMBER>5</SLOTNUMBER>
  <DURATION>15</DURATION>
  <STATUS>0</STATUS>
 </ROW>
 <ROW>
  <SLOTNUMBER>7</SLOTNUMBER>
  <DURATION>15</DURATION>
  <STATUS>0</STATUS>
 </ROW>
 <ROW>
  <SLOTNUMBER>12</SLOTNUMBER>
  <DURATION>15</DURATION>
  <STATUS>1</STATUS>
 </ROW>
 <ROW>
  <SLOTNUMBER>13</SLOTNUMBER>
  <DURATION>15</DURATION>
  <STATUS>1</STATUS>
 </ROW>
 <ROW>
  <SLOTNUMBER>24</SLOTNUMBER>
  <DURATION>15</DURATION>
  <STATUS>1</STATUS>
 </ROW>
 <ROW>
  <SLOTNUMBER>15</SLOTNUMBER>
  <DURATION>15</DURATION>
  <STATUS>0</STATUS>
 </ROW>
 <ROW>
  <SLOTNUMBER>16</SLOTNUMBER>
  <DURATION>15</DURATION>
  <STATUS>0</STATUS>
 </ROW>
 <ROW>
  <SLOTNUMBER>18</SLOTNUMBER>
  <DURATION>15</DURATION>
  <STATUS>0</STATUS>
 </ROW>
 <ROW>
  <SLOTNUMBER>20</SLOTNUMBER>
  <DURATION>15</DURATION>
  <STATUS>0</STATUS>
 </ROW>
 <ROW>
  <SLOTNUMBER>21</SLOTNUMBER>
  <DURATION>15</DURATION>
  <STATUS>0</STATUS>
 </ROW>
 <ROW>
  <SLOTNUMBER>22</SLOTNUMBER>
  <DURATION>15</DURATION>
  <STATUS>0</STATUS>
 </ROW>
 <ROW>
  <SLOTNUMBER>6</SLOTNUMBER>
  <DURATION>15</DURATION>
  <STATUS>0</STATUS>
 </ROW>
 <ROW>
  <SLOTNUMBER>8</SLOTNUMBER>
  <DURATION>15</DURATION>
  <STATUS>1</STATUS>
 </ROW>
 <ROW>
  <SLOTNUMBER>23</SLOTNUMBER>
  <DURATION>15</DURATION>
  <STATUS>1</STATUS>
 </ROW>
 <ROW>
  <SLOTNUMBER>9</SLOTNUMBER>
  <DURATION>15</DURATION>
  <STATUS>0</STATUS>
 </ROW>
 <ROW>
  <SLOTNUMBER>10</SLOTNUMBER>
  <DURATION>15</DURATION>
  <STATUS>0</STATUS>
 </ROW>
 <ROW>
  <SLOTNUMBER>11</SLOTNUMBER>
  <DURATION>15</DURATION>
  <STATUS>0</STATUS>
 </ROW>
 <ROW>
  <SLOTNUMBER>14</SLOTNUMBER>
  <DURATION>15</DURATION>
  <STATUS>0</STATUS>
 </ROW>
 <ROW>
  <SLOTNUMBER>17</SLOTNUMBER>
  <DURATION>15</DURATION>
  <STATUS>0</STATUS>
 </ROW>
 <ROW>
  <SLOTNUMBER>19</SLOTNUMBER>
  <DURATION>15</DURATION>
  <STATUS>0</STATUS>
 </ROW>
</ROWSET>
