<?xml version="1.0"?>
<ROWSET>
 <ROW>
  <PATIENTID>1014</PATIENTID>
  <USERID>ca1011</USERID>
  <APPOINTMENT_DATE>2017-07-10T00:00:00.000</APPOINTMENT_DATE>
  <AILMENT_TYPE>cancer</AILMENT_TYPE>
  <AILMENT_DETAILS>first stage</AILMENT_DETAILS>
  <DIAGNOSIS_HISTORY>tumor</DIAGNOSIS_HISTORY>
  <STATUS>0</STATUS>
 </ROW>
 <ROW>
  <PATIENTID>1012</PATIENTID>
  <USERID>ja1005</USERID>
  <APPOINTMENT_DATE>2017-07-23T00:00:00.000</APPOINTMENT_DATE>
  <AILMENT_TYPE>stomach</AILMENT_TYPE>
  <AILMENT_DETAILS>loose motions</AILMENT_DETAILS>
  <DIAGNOSIS_HISTORY>none</DIAGNOSIS_HISTORY>
  <STATUS>0</STATUS>
 </ROW>
 <ROW>
  <PATIENTID>1013</PATIENTID>
  <USERID>he1009</USERID>
  <APPOINTMENT_DATE>2017-07-29T00:00:00.000</APPOINTMENT_DATE>
  <AILMENT_TYPE>mental</AILMENT_TYPE>
  <AILMENT_DETAILS>fits</AILMENT_DETAILS>
  <DIAGNOSIS_HISTORY>mad long back</DIAGNOSIS_HISTORY>
  <STATUS>0</STATUS>
 </ROW>
 <ROW>
  <PATIENTID>1015</PATIENTID>
  <USERID>su1010</USERID>
  <APPOINTMENT_DATE>2017-07-13T00:00:00.000</APPOINTMENT_DATE>
  <AILMENT_TYPE>child</AILMENT_TYPE>
  <AILMENT_DETAILS>fever</AILMENT_DETAILS>
  <DIAGNOSIS_HISTORY>none</DIAGNOSIS_HISTORY>
  <STATUS>0</STATUS>
 </ROW>
 <ROW>
  <PATIENTID>1008</PATIENTID>
  <USERID>mo1006</USERID>
  <APPOINTMENT_DATE>2017-07-28T00:00:00.000</APPOINTMENT_DATE>
  <AILMENT_TYPE>heart</AILMENT_TYPE>
  <AILMENT_DETAILS>clogs</AILMENT_DETAILS>
  <DIAGNOSIS_HISTORY>none</DIAGNOSIS_HISTORY>
  <STATUS>0</STATUS>
 </ROW>
 <ROW>
  <PATIENTID>1009</PATIENTID>
  <USERID>al1004</USERID>
  <APPOINTMENT_DATE>2017-10-29T00:00:00.000</APPOINTMENT_DATE>
  <AILMENT_TYPE>kidney</AILMENT_TYPE>
  <AILMENT_DETAILS>calculus</AILMENT_DETAILS>
  <DIAGNOSIS_HISTORY>none</DIAGNOSIS_HISTORY>
  <STATUS>0</STATUS>
 </ROW>
 <ROW>
  <PATIENTID>1010</PATIENTID>
  <USERID>jo1003</USERID>
  <APPOINTMENT_DATE>2017-07-30T00:00:00.000</APPOINTMENT_DATE>
  <AILMENT_TYPE>mental</AILMENT_TYPE>
  <AILMENT_DETAILS>loose</AILMENT_DETAILS>
  <DIAGNOSIS_HISTORY>none</DIAGNOSIS_HISTORY>
  <STATUS>0</STATUS>
 </ROW>
 <ROW>
  <PATIENTID>1011</PATIENTID>
  <USERID>ro1007</USERID>
  <APPOINTMENT_DATE>2017-07-12T00:00:00.000</APPOINTMENT_DATE>
  <AILMENT_TYPE>bone</AILMENT_TYPE>
  <AILMENT_DETAILS>broken</AILMENT_DETAILS>
  <DIAGNOSIS_HISTORY>none</DIAGNOSIS_HISTORY>
  <STATUS>0</STATUS>
 </ROW>
 <ROW>
  <PATIENTID>1050</PATIENTID>
  <USERID>to1007</USERID>
  <APPOINTMENT_DATE>2017-07-17T00:00:00.000</APPOINTMENT_DATE>
  <AILMENT_TYPE>eye</AILMENT_TYPE>
  <AILMENT_DETAILS>night blindness</AILMENT_DETAILS>
  <DIAGNOSIS_HISTORY>blind back in childhood</DIAGNOSIS_HISTORY>
  <STATUS>0</STATUS>
 </ROW>
 <ROW>
  <PATIENTID>1051</PATIENTID>
  <USERID>op1006</USERID>
  <APPOINTMENT_DATE>2017-07-17T00:00:00.000</APPOINTMENT_DATE>
  <AILMENT_TYPE>eye</AILMENT_TYPE>
  <AILMENT_DETAILS>night blindness</AILMENT_DETAILS>
  <DIAGNOSIS_HISTORY>blind back in childhood</DIAGNOSIS_HISTORY>
  <STATUS>0</STATUS>
 </ROW>
 <ROW>
  <PATIENTID>1052</PATIENTID>
  <USERID>pa1003</USERID>
  <APPOINTMENT_DATE>2017-07-17T00:00:00.000</APPOINTMENT_DATE>
  <AILMENT_TYPE>eye</AILMENT_TYPE>
  <AILMENT_DETAILS>night blindness</AILMENT_DETAILS>
  <DIAGNOSIS_HISTORY>blind back in childhood</DIAGNOSIS_HISTORY>
  <STATUS>0</STATUS>
 </ROW>
 <ROW>
  <PATIENTID>1053</PATIENTID>
  <USERID>ra1002</USERID>
  <APPOINTMENT_DATE>2017-07-17T00:00:00.000</APPOINTMENT_DATE>
  <AILMENT_TYPE>eye</AILMENT_TYPE>
  <AILMENT_DETAILS>night blindness</AILMENT_DETAILS>
  <DIAGNOSIS_HISTORY>blind back in childhood</DIAGNOSIS_HISTORY>
  <STATUS>0</STATUS>
 </ROW>
 <ROW>
  <PATIENTID>1016</PATIENTID>
  <USERID>ph1008</USERID>
  <APPOINTMENT_DATE>2017-07-17T00:00:00.000</APPOINTMENT_DATE>
  <AILMENT_TYPE>eye</AILMENT_TYPE>
  <AILMENT_DETAILS>night blindness</AILMENT_DETAILS>
  <DIAGNOSIS_HISTORY>blind back in childhood</DIAGNOSIS_HISTORY>
  <STATUS>0</STATUS>
 </ROW>
</ROWSET>
