<?xml version="1.0"?>
<ROWSET>
 <ROW>
  <DOCTORID>ro1002</DOCTORID>
  <DOCTORNAME>rohith</DOCTORNAME>
  <DATEOFBIRTH>1996-12-12T00:00:00.000</DATEOFBIRTH>
  <DATEOFJOINING>1776-02-07T00:00:00.000</DATEOFJOINING>
  <GENDER>male</GENDER>
  <QUALIFICATION>mbbs</QUALIFICATION>
  <SPECIALIZATION>brain</SPECIALIZATION>
  <YEARSOFEXPERIENCE>21</YEARSOFEXPERIENCE>
  <STREET>m h road</STREET>
  <LOCATION>madhapur</LOCATION>
  <CITY>hyderabad</CITY>
  <STATE>up</STATE>
  <PINCODE>208001</PINCODE>
  <CONTACTNUMBER>7865453421</CONTACTNUMBER>
  <EMAILID>maihunteja@teja.com</EMAILID>
 </ROW>
 <ROW>
  <DOCTORID>va1006</DOCTORID>
  <DOCTORNAME>vaibhav</DOCTORNAME>
  <DATEOFBIRTH>1996-12-12T00:00:00.000</DATEOFBIRTH>
  <DATEOFJOINING>2005-12-12T00:00:00.000</DATEOFJOINING>
  <GENDER>male</GENDER>
  <QUALIFICATION>md</QUALIFICATION>
  <SPECIALIZATION>stomach</SPECIALIZATION>
  <YEARSOFEXPERIENCE>8</YEARSOFEXPERIENCE>
  <STREET>y t street</STREET>
  <LOCATION>whitefields</LOCATION>
  <CITY>bangalore</CITY>
  <STATE>andhra pradesh</STATE>
  <PINCODE>788654</PINCODE>
  <CONTACTNUMBER>7654387659</CONTACTNUMBER>
  <EMAILID>vaibhav@gmail.com</EMAILID>
 </ROW>
 <ROW>
  <DOCTORID>ra1007</DOCTORID>
  <DOCTORNAME>raghav</DOCTORNAME>
  <DATEOFBIRTH>1997-09-12T00:00:00.000</DATEOFBIRTH>
  <DATEOFJOINING>2005-12-12T00:00:00.000</DATEOFJOINING>
  <GENDER>male</GENDER>
  <QUALIFICATION>md</QUALIFICATION>
  <SPECIALIZATION>mental</SPECIALIZATION>
  <YEARSOFEXPERIENCE>12</YEARSOFEXPERIENCE>
  <STREET>h u street</STREET>
  <LOCATION>ramganj</LOCATION>
  <CITY>jaipur</CITY>
  <STATE>rajasthan</STATE>
  <PINCODE>786543</PINCODE>
  <CONTACTNUMBER>0987898765</CONTACTNUMBER>
  <EMAILID>ramram@raghav.com</EMAILID>
 </ROW>
 <ROW>
  <DOCTORID>sh1000</DOCTORID>
  <DOCTORNAME>shikhar</DOCTORNAME>
  <DATEOFBIRTH>1994-12-12T00:00:00.000</DATEOFBIRTH>
  <DATEOFJOINING>2017-07-05T00:00:00.000</DATEOFJOINING>
  <GENDER>male</GENDER>
  <QUALIFICATION>mbbs</QUALIFICATION>
  <SPECIALIZATION>heart</SPECIALIZATION>
  <YEARSOFEXPERIENCE>20</YEARSOFEXPERIENCE>
  <STREET>m g road</STREET>
  <LOCATION>mall road</LOCATION>
  <CITY>kanpur</CITY>
  <STATE>up</STATE>
  <PINCODE>208001</PINCODE>
  <CONTACTNUMBER>9653019306</CONTACTNUMBER>
  <EMAILID>shikharomar987@gmail.com</EMAILID>
 </ROW>
 <ROW>
  <DOCTORID>su1001</DOCTORID>
  <DOCTORNAME>santhosh</DOCTORNAME>
  <DATEOFBIRTH>1867-12-12T00:00:00.000</DATEOFBIRTH>
  <DATEOFJOINING>1992-02-12T00:00:00.000</DATEOFJOINING>
  <GENDER>male</GENDER>
  <QUALIFICATION>mbbs</QUALIFICATION>
  <SPECIALIZATION>kidney</SPECIALIZATION>
  <YEARSOFEXPERIENCE>0</YEARSOFEXPERIENCE>
  <STREET>alone ville</STREET>
  <LOCATION>hermit junction</LOCATION>
  <CITY>kondapur</CITY>
  <STATE>telangana</STATE>
  <PINCODE>208001</PINCODE>
  <CONTACTNUMBER>8374928372</CONTACTNUMBER>
  <EMAILID>supersanti@santi.com</EMAILID>
 </ROW>
 <ROW>
  <DOCTORID>ra1003</DOCTORID>
  <DOCTORNAME>raman</DOCTORNAME>
  <DATEOFBIRTH>1776-02-07T00:00:00.000</DATEOFBIRTH>
  <DATEOFJOINING>1776-02-07T00:00:00.000</DATEOFJOINING>
  <GENDER>male</GENDER>
  <QUALIFICATION>mbbs</QUALIFICATION>
  <SPECIALIZATION>eye</SPECIALIZATION>
  <YEARSOFEXPERIENCE>17</YEARSOFEXPERIENCE>
  <STREET>h g road</STREET>
  <LOCATION>whitefields</LOCATION>
  <CITY>chennai</CITY>
  <STATE>tamil nadu</STATE>
  <PINCODE>208001</PINCODE>
  <CONTACTNUMBER>8765456765</CONTACTNUMBER>
  <EMAILID>ramram@raghav.com</EMAILID>
 </ROW>
 <ROW>
  <DOCTORID>ch1004</DOCTORID>
  <DOCTORNAME>chetan</DOCTORNAME>
  <DATEOFBIRTH>1776-02-07T00:00:00.000</DATEOFBIRTH>
  <DATEOFJOINING>1776-02-07T00:00:00.000</DATEOFJOINING>
  <GENDER>male</GENDER>
  <QUALIFICATION>mbbs</QUALIFICATION>
  <SPECIALIZATION>bone</SPECIALIZATION>
  <YEARSOFEXPERIENCE>36</YEARSOFEXPERIENCE>
  <STREET>r t road</STREET>
  <LOCATION>ramganj</LOCATION>
  <CITY>kanpur</CITY>
  <STATE>up</STATE>
  <PINCODE>208001</PINCODE>
  <CONTACTNUMBER>4543216754</CONTACTNUMBER>
  <EMAILID>chetankumar@hotmail.com</EMAILID>
 </ROW>
 <ROW>
  <DOCTORID>ke1008</DOCTORID>
  <DOCTORNAME>kella</DOCTORNAME>
  <DATEOFBIRTH>1997-08-09T00:00:00.000</DATEOFBIRTH>
  <DATEOFJOINING>2005-12-12T00:00:00.000</DATEOFJOINING>
  <GENDER>female</GENDER>
  <QUALIFICATION>md</QUALIFICATION>
  <SPECIALIZATION>teeth</SPECIALIZATION>
  <YEARSOFEXPERIENCE>12</YEARSOFEXPERIENCE>
  <STREET>u r street</STREET>
  <LOCATION>yadavpur</LOCATION>
  <CITY>chennai</CITY>
  <STATE>tamil nadu</STATE>
  <PINCODE>208001</PINCODE>
  <CONTACTNUMBER>8765456765</CONTACTNUMBER>
  <EMAILID>kella@gmail.com</EMAILID>
 </ROW>
 <ROW>
  <DOCTORID>am1009</DOCTORID>
  <DOCTORNAME>amanda</DOCTORNAME>
  <DATEOFBIRTH>1995-09-08T00:00:00.000</DATEOFBIRTH>
  <DATEOFJOINING>2005-12-12T00:00:00.000</DATEOFJOINING>
  <GENDER>female</GENDER>
  <QUALIFICATION>md</QUALIFICATION>
  <SPECIALIZATION>cancer</SPECIALIZATION>
  <YEARSOFEXPERIENCE>12</YEARSOFEXPERIENCE>
  <STREET>q s street</STREET>
  <LOCATION>naughara</LOCATION>
  <CITY>kanpur</CITY>
  <STATE>up</STATE>
  <PINCODE>567432</PINCODE>
  <CONTACTNUMBER>7865432189</CONTACTNUMBER>
  <EMAILID>amanda@gmail.com</EMAILID>
 </ROW>
 <ROW>
  <DOCTORID>vi1010</DOCTORID>
  <DOCTORNAME>vinita</DOCTORNAME>
  <DATEOFBIRTH>1995-08-05T00:00:00.000</DATEOFBIRTH>
  <DATEOFJOINING>2005-12-12T00:00:00.000</DATEOFJOINING>
  <GENDER>female</GENDER>
  <QUALIFICATION>md</QUALIFICATION>
  <SPECIALIZATION>skin</SPECIALIZATION>
  <YEARSOFEXPERIENCE>12</YEARSOFEXPERIENCE>
  <STREET>g h street</STREET>
  <LOCATION>outer jm</LOCATION>
  <CITY>jaipur</CITY>
  <STATE>rajasthan</STATE>
  <PINCODE>987654</PINCODE>
  <CONTACTNUMBER>7896543456</CONTACTNUMBER>
  <EMAILID>vinita@gmail.com</EMAILID>
 </ROW>
</ROWSET>
